zip_code,income_group,n_returns,n_single,n_joint,number_dependents,total_income
10001,1,3740,2890,350,870,43182
10001,2,2500,1850,240,690,92133
10001,3,1950,1540,190,310,120922
10001,4,1410,1120,170,190,121880
10001,5,2580,1850,560,440,361453
10001,6,2340,1200,1030,790,1551726
10002,1,21180,12550,5360,8490,251169
10002,2,8210,4660,1900,4480,296557
10002,3,4810,3300,730,1590,294566
10002,4,2710,1850,520,800,234445
10002,5,3620,2200,1120,1270,492846
10002,6,1650,710,870,860,711944
10003,1,5030,4400,330,450,57692
10003,2,3870,3350,280,380,145922
10003,3,3960,3470,280,300,245389
10003,4,3220,2710,330,280,279492
10003,5,6300,4830,1190,730,889971
10003,6,6280,3070,2930,2350,5004376
10004,1,360,280,30,60,3984
10004,2,250,200,30,60,9502
10004,3,290,250,40,20,18125
10004,4,210,170,0,30,18000
10004,5,520,340,130,150,76347
10004,6,850,220,570,710,694000
10005,1,690,620,30,60,8251
10005,2,750,700,20,30,29012
10005,3,860,780,40,50,53881
10005,4,660,570,40,50,56928
10005,5,1360,1070,220,190,193954
10005,6,1620,620,910,840,2803445
10006,1,310,260,40,50,3574
10006,2,290,260,0,20,10889
10006,3,330,300,40,30,20718
10006,4,250,220,0,40,21836
10006,5,620,450,130,140,89627
10006,6,570,240,300,300,313510
10007,1,470,410,30,40,4981
10007,2,320,270,30,60,12155
10007,3,280,230,20,50,17078
10007,4,210,160,30,50,18685
10007,5,590,410,110,170,85682
10007,6,1570,530,970,1090,2885302
10009,1,9560,7010,950,3210,115067
10009,2,6660,4870,660,2170,247641
10009,3,5480,4360,500,1040,337717
10009,4,3580,2780,460,580,309543
10009,5,5030,3290,1370,1140,689153
10009,6,2100,870,1120,980,874997
10010,1,2560,2200,180,290,28472
10010,2,2280,1900,170,320,86310
10010,3,2550,2180,190,250,158359
10010,4,1980,1650,180,210,172226
10010,5,4010,2940,830,640,563486
10010,6,3980,1800,1990,1770,2909283
10011,1,5120,4320,300,790,58598
10011,2,3680,2990,270,590,138122
10011,3,3650,3050,300,370,227503
10011,4,3130,2600,310,300,271870
10011,5,6870,5310,1200,800,976450
10011,6,7470,3810,3320,2640,6299474
10012,1,2390,1960,240,320,27366
10012,2,1740,1460,160,220,65574
10012,3,1730,1450,190,140,106786
10012,4,1340,1100,150,140,116363
10012,5,2730,2050,540,350,382786
10012,6,2540,1240,1150,1100,2500010
10013,1,4260,2910,960,1040,47176
10013,2,2060,1420,410,670,75522
10013,3,1630,1270,200,300,100427
10013,4,1160,900,170,220,101108
10013,5,2030,1410,500,430,287927
10013,6,3800,1260,2290,2900,5689422
10014,1,2770,2430,150,200,30991
10014,2,2160,1850,150,220,81833
10014,3,2330,2020,170,220,145098
10014,4,2040,1720,200,170,176916
10014,5,4640,3650,760,500,656750
10014,6,4720,2530,2030,1690,4461065
10016,1,5170,4360,340,700,58273
10016,2,4650,4040,300,490,176927
10016,3,5170,4590,300,390,321746
10016,4,3820,3300,320,320,331321
10016,5,6930,5210,1320,880,972062
10016,6,6200,2690,3170,2620,5020329
10017,1,1820,1530,110,180,20383
10017,2,1380,1150,110,150,52070
10017,3,1490,1280,120,170,93065
10017,4,1250,1040,120,140,108264
10017,5,2650,1860,600,500,379479
10017,6,3260,1160,1860,1650,3348542
10018,1,1430,1160,120,250,16395
10018,2,1020,770,120,270,37303
10018,3,820,660,80,130,50266
10018,4,580,470,70,90,50631
10018,5,1200,930,190,130,170890
10018,6,1340,570,650,610,2432971
10019,1,4920,3920,450,1000,58035
10019,2,3650,2840,360,800,136463
10019,3,3560,2860,360,550,221377
10019,4,2540,2050,320,300,221233
10019,5,5400,3950,1100,750,764884
10019,6,5040,2330,2420,1680,5105218
10021,1,3460,3040,200,220,35735
10021,2,2600,2240,170,220,98101
10021,3,3150,2700,240,240,196675
10021,4,2520,2030,300,260,219387
10021,5,4890,3190,1310,950,691480
10021,6,6910,2010,4460,4540,9323033
10022,1,2770,2400,160,250,29020
10022,2,2130,1810,180,210,81485
10022,3,2320,1940,210,220,144597
10022,4,2010,1600,250,240,175184
10022,5,4480,2980,1180,770,643116
10022,6,6130,2130,3580,3040,8964796
10023,1,5910,4970,370,870,64934
10023,2,3920,3060,380,760,145796
10023,3,3720,2990,370,500,232596
10023,4,3290,2550,470,390,285977
10023,5,7610,5000,2060,1320,1082469
10023,6,9620,3170,5890,5830,9954884
10024,1,5710,4870,340,770,60239
10024,2,3590,2830,320,670,134001
10024,3,3570,2730,430,690,221314
10024,4,2860,2090,510,510,248067
10024,5,6110,3620,2040,1520,866511
10024,6,8570,2050,6060,6810,8454478
10025,1,12490,9830,770,3250,141666
10025,2,7810,5520,740,2470,290594
10025,3,6190,4480,770,1600,381998
10025,4,4190,2840,850,990,363548
10025,5,7460,3760,2920,2370,1048901
10025,6,7470,1560,5490,5970,4599613
10026,1,6900,4580,390,3580,84979
10026,2,4270,2490,400,2440,156740
10026,3,2550,1660,260,1090,156308
10026,4,1410,840,230,550,121855
10026,5,1880,890,720,910,255803
10026,6,1030,240,700,910,442224
10027,1,11490,7780,730,5850,139091
10027,2,6590,3870,630,3700,240528
10027,3,3430,2100,440,1490,209007
10027,4,1830,1100,380,680,157864
10027,5,2430,1140,960,1000,333989
10027,6,1410,340,970,1030,582154
10028,1,3920,3470,230,270,40780
10028,2,2860,2440,210,290,108852
10028,3,3730,3190,290,360,232516
10028,4,2950,2380,350,360,255760
10028,5,5300,3340,1550,1220,742227
10028,6,6340,1470,4460,4990,7681640
10029,1,16590,10430,1670,10080,206943
10029,2,9360,5010,1190,6390,339007
10029,3,4620,2660,670,2410,279916
10029,4,1880,1040,380,850,160819
10029,5,1780,880,650,710,239251
10029,6,830,200,560,620,543342
10030,1,6490,4140,370,3870,80875
10030,2,3620,2060,310,2280,132015
10030,3,1810,1080,170,900,109249
10030,4,810,460,120,370,70126
10030,5,700,350,210,330,92108
10030,6,200,60,130,160,83869
10031,1,13840,9790,1020,6370,172845
10031,2,7940,4880,840,4200,288743
10031,3,4010,2430,560,1710,242688
10031,4,1660,920,310,750,142259
10031,5,1510,690,590,760,198988
10031,6,380,100,240,260,165387
10032,1,14390,10270,1190,6860,176882
10032,2,7810,4670,890,4210,283676
10032,3,3820,2160,570,1910,230358
10032,4,1520,820,340,700,129732
10032,5,1420,580,600,730,188452
10032,6,340,80,240,250,119124
10033,1,12800,8950,1160,6140,156343
10033,2,6580,3790,880,3590,238597
10033,3,3400,1950,590,1580,206684
10033,4,1580,770,460,800,136015
10033,5,1940,720,1000,1070,261935
10033,6,630,110,480,500,209636
10034,1,9300,6170,860,4840,113590
10034,2,4880,2660,670,2980,176511
10034,3,2830,1570,450,1310,172386
10034,4,1390,730,380,560,119320
10034,5,1430,510,740,770,190477
10034,6,310,60,240,230,106654
10035,1,7040,4500,520,4360,87727
10035,2,3890,2040,420,2830,140237
10035,3,1950,1100,260,1030,117773
10035,4,910,540,160,380,78731
10035,5,1020,490,370,490,137039
10035,6,320,110,200,220,127735
10036,1,4480,3670,370,730,51550
10036,2,3160,2430,290,710,117666
10036,3,2580,2050,270,470,159945
10036,4,1920,1540,240,270,166157
10036,5,3800,2800,770,630,533106
10036,6,2780,1320,1290,970,2681589
10037,1,3870,2560,190,2070,48891
10037,2,2750,1600,180,1520,101599
10037,3,1850,1180,130,720,113338
10037,4,1000,600,120,370,85607
10037,5,920,500,240,320,118892
10037,6,140,60,70,70,45640
10038,1,3440,2320,640,1060,39456
10038,2,1930,1400,250,620,72108
10038,3,1590,1270,150,300,98306
10038,4,1120,890,130,200,96944
10038,5,2190,1540,470,430,307556
10038,6,1820,730,1000,980,958541
10039,1,6250,3850,390,4060,80013
10039,2,3600,1900,310,2430,131805
10039,3,1810,940,180,1030,109699
10039,4,770,420,90,440,65893
10039,5,690,300,220,400,91358
10039,6,170,60,90,90,54006
10040,1,9790,6610,870,5060,121532
10040,2,5360,3020,740,3010,194340
10040,3,2970,1640,520,1370,180528
10040,4,1390,720,390,620,119775
10040,5,1410,510,750,720,189837
10040,6,380,60,300,290,114802
10044,1,1150,880,130,280,12776
10044,2,740,520,120,230,27719
10044,3,640,410,130,210,39379
10044,4,440,250,120,160,38146
10044,5,820,320,420,390,113705
10044,6,470,90,360,350,177162
10065,1,2350,2030,160,180,25591
10065,2,2050,1740,170,200,77961
10065,3,2070,1730,190,250,128823
10065,4,1610,1280,220,200,140446
10065,5,3240,2120,880,710,457350
10065,6,4460,1340,2820,2810,5813675
10069,1,370,300,30,50,3677
10069,2,260,180,40,80,9718
10069,3,240,170,40,60,14825
10069,4,190,140,30,40,16624
10069,5,580,320,200,180,84803
10069,6,1250,310,850,960,1261262
10075,1,2160,1890,130,150,21729
10075,2,1600,1350,130,150,60544
10075,3,1960,1640,190,190,123460
10075,4,1560,1250,210,150,135697
10075,5,3110,1980,880,670,432723
10075,6,3690,950,2530,2770,5118535
10119,1,50,50,20,0,602
10119,2,30,20,0,0,973
10119,3,30,20,0,40,2318
10119,4,0,0,0,0,0
10119,5,50,30,0,0,6427
10119,6,130,60,50,90,191320
10128,1,5890,4930,370,870,64347
10128,2,4300,3460,350,750,162030
10128,3,4920,4050,440,610,305847
10128,4,3600,2800,480,510,313224
10128,5,6500,3850,2100,1610,910563
10128,6,7740,1730,5530,6030,8782531
10162,1,100,80,0,20,882
10162,2,50,30,0,0,1730
10162,3,60,40,40,20,3478
10162,4,60,40,0,0,5339
10162,5,190,90,70,80,27578
10162,6,290,50,210,310,173359
10280,1,480,370,60,80,4978
10280,2,360,280,40,90,13815
10280,3,460,350,60,90,28713
10280,4,400,300,60,80,35060
10280,5,1140,690,330,340,164287
10280,6,1360,400,880,930,623115
10282,1,220,180,40,40,2263
10282,2,140,90,0,50,5111
10282,3,130,100,40,30,8152
10282,4,130,100,0,40,11656
10282,5,360,230,100,110,52286
10282,6,1330,310,940,1220,1127333
10301,1,6490,4140,720,3690,78949
10301,2,3910,2170,640,2290,143788
10301,3,2720,1480,590,1360,167510
10301,4,1680,760,550,900,145531
10301,5,2430,630,1490,1780,333330
10301,6,850,110,710,780,364002
10302,1,3220,1970,440,2110,39691
10302,2,1860,870,380,1460,67358
10302,3,1160,490,320,840,71117
10302,4,730,230,320,520,63035
10302,5,960,180,650,950,128959
10302,6,150,0,130,160,42046
10303,1,5280,3060,670,3650,66676
10303,2,2940,1330,500,2430,106175
10303,3,1700,660,400,1320,104249
10303,4,1020,300,370,900,88172
10303,5,1140,240,690,1110,148492
10303,6,90,0,70,100,22348
10304,1,8240,4820,1060,5270,100010
10304,2,4420,1990,890,3390,159447
10304,3,2400,1110,650,1560,147324
10304,4,1520,550,610,1070,131798
10304,5,2250,490,1450,1890,308735
10304,6,890,90,740,860,517069
10305,1,6700,4330,1270,2740,80562
10305,2,4150,2150,1130,2540,151346
10305,3,2840,1310,980,1650,175949
10305,4,2040,720,970,1470,176882
10305,5,2980,580,2080,2700,402647
10305,6,590,70,490,590,190750
10306,1,8250,5770,1370,2630,96748
10306,2,5130,2910,1260,2480,189208
10306,3,4030,2000,1240,1940,249503
10306,4,3000,1050,1410,1880,261113
10306,5,5120,800,3800,4870,705715
10306,6,1310,110,1160,1430,425279
10307,1,1790,1380,230,450,19650
10307,2,1090,650,240,520,40111
10307,3,850,450,260,420,52738
10307,4,710,250,320,490,61745
10307,5,1470,240,1090,1640,206359
10307,6,590,40,530,810,228402
10308,1,3780,2830,540,880,43574
10308,2,2400,1430,560,960,89060
10308,3,1970,1030,610,890,122174
10308,4,1700,570,840,1110,148144
10308,5,3060,490,2310,2880,424274
10308,6,710,50,630,790,221402
10309,1,4100,3070,580,1060,46171
10309,2,2550,1520,570,1140,94668
10309,3,2080,1070,680,1080,128106
10309,4,1690,590,800,1140,146669
10309,5,3470,510,2650,3760,486127
10309,6,1110,70,1000,1370,386103
10310,1,4370,2750,530,2750,52029
10310,2,2330,1130,440,1750,85186
10310,3,1490,720,370,910,91848
10310,4,1070,390,420,790,93370
10310,5,1760,310,1240,1680,244939
10310,6,440,30,390,470,142014
10312,1,7860,5830,1220,1950,88906
10312,2,5230,3120,1250,2200,193954
10312,3,4240,2160,1320,2010,262850
10312,4,3480,1190,1680,2250,302479
10312,5,6650,950,5130,6490,917289
10312,6,1770,120,1590,1970,618220
10314,1,12330,8380,2240,4720,147530
10314,2,8150,4430,2180,4700,299402
10314,3,6040,2940,2000,3410,373352
10314,4,4590,1680,2090,3120,398983
10314,5,7790,1310,5730,7420,1066497
10314,6,1840,180,1580,1970,584556
10451,1,12230,7210,930,9080,155288
10451,2,6570,2860,760,5490,236306
10451,3,2730,1220,390,2000,164331
10451,4,1020,430,210,670,87545
10451,5,690,270,240,450,86754
10451,6,50,0,30,20,16481
10452,1,21350,12390,1820,16340,271828
10452,2,9730,3910,1450,8740,347172
10452,3,3590,1330,650,3120,214259
10452,4,960,300,250,880,81271
10452,5,550,150,240,560,67695
10452,6,20,0,0,0,5859
10453,1,23280,13460,1870,18160,291666
10453,2,9690,3870,1390,8740,342533
10453,3,3160,1150,590,2750,189390
10453,4,900,280,240,850,77046
10453,5,540,150,230,570,66942
10453,6,30,0,0,0,6679
10454,1,9740,5550,700,8030,120595
10454,2,4170,1580,570,4320,148967
10454,3,1320,470,250,1310,78196
10454,4,350,110,100,320,29624
10454,5,240,80,120,230,29987
10454,6,20,0,0,0,7038
10455,1,10300,5880,790,8440,131651
10455,2,4900,1920,690,4660,175343
10455,3,1780,660,340,1610,106295
10455,4,500,150,140,400,42554
10455,5,300,90,120,260,39971
10455,6,0,0,0,0,0
10456,1,24520,13900,1810,20030,313413
10456,2,10970,4250,1450,10390,388432
10456,3,3410,1200,650,3180,203728
10456,4,960,260,270,980,82646
10456,5,530,130,210,480,66986
10456,6,0,0,0,0,0
10457,1,20000,11370,1540,16560,252848
10457,2,8480,3410,1190,7620,300194
10457,3,2830,1020,520,2430,168910
10457,4,900,280,250,760,76663
10457,5,470,140,230,450,59166
10457,6,40,0,0,30,10751
10458,1,19820,11480,1970,15270,249258
10458,2,9110,3830,1500,7900,325385
10458,3,3470,1430,700,2680,208315
10458,4,1120,370,380,930,95636
10458,5,760,260,330,640,95256
10458,6,40,0,20,20,10186
10459,1,12280,7140,930,9590,156859
10459,2,5930,2330,770,5510,211921
10459,3,1990,700,400,1810,118879
10459,4,660,190,190,600,56220
10459,5,420,100,190,400,53576
10459,6,0,0,0,0,0
10460,1,14600,8360,1160,11600,183823
10460,2,6900,2730,850,6190,246806
10460,3,2300,850,390,1910,137710
10460,4,800,260,220,680,68375
10460,5,490,130,230,460,62381
10460,6,30,0,0,20,7164
10461,1,8580,5420,1430,4500,108182
10461,2,6210,3190,1150,3860,228763
10461,3,4160,1940,960,2490,253564
10461,4,2280,850,820,1590,197203
10461,5,2530,640,1470,2150,332764
10461,6,330,40,260,350,94080
10462,1,16080,9530,2680,10220,207225
10462,2,10910,5080,1880,8190,403990
10462,3,6950,3070,1410,4650,421888
10462,4,3110,1180,940,2190,266838
10462,5,2300,650,1160,1910,290508
10462,6,160,40,100,150,44015
10463,1,12390,8220,1270,6360,151917
10463,2,7620,4010,1110,4480,280813
10463,3,5120,2620,970,2610,313473
10463,4,3080,1440,830,1610,266178
10463,5,4290,1380,2250,2620,584666
10463,6,1440,240,1120,1290,578830
10464,1,560,430,50,150,6555
10464,2,400,260,60,160,14933
10464,3,360,220,70,120,22201
10464,4,270,130,90,90,23323
10464,5,420,120,250,250,57362
10464,6,160,20,130,100,58822
10465,1,6210,4210,630,2720,76250
10465,2,4410,2380,650,2470,163789
10465,3,3330,1650,640,1820,204778
10465,4,2180,860,720,1380,188519
10465,5,3050,680,1850,2510,410840
10465,6,520,70,420,490,153321
10466,1,14740,9080,1030,8920,186358
10466,2,9390,3970,1040,6790,342928
10466,3,4410,1700,800,3010,268086
10466,4,2150,670,600,1630,184883
10466,5,1930,440,930,1720,247916
10466,6,120,30,80,120,29715
10467,1,22140,12950,2520,15800,277767
10467,2,12740,5490,1970,10470,460871
10467,3,5830,2360,1170,4300,351706
10467,4,2200,780,680,1730,188781
10467,5,1630,450,770,1310,205965
10467,6,100,30,60,90,29017
10468,1,20220,11980,1990,14800,254535
10468,2,9370,4050,1450,8010,334556
10468,3,3790,1560,730,2880,227824
10468,4,1350,500,380,1000,115636
10468,5,870,260,400,730,107669
10468,6,60,20,30,30,19027
10469,1,13400,8590,1170,7140,167467
10469,2,8810,3930,1100,6150,324487
10469,3,4920,1940,900,3500,301029
10469,4,2570,800,840,1900,222335
10469,5,2670,590,1420,2480,351369
10469,6,300,40,230,310,82163
10470,1,2840,1890,250,1360,34792
10470,2,1940,1050,280,1080,70938
10470,3,1230,680,230,570,75448
10470,4,670,290,220,350,57944
10470,5,840,240,460,640,109727
10470,6,140,30,110,120,37335
10471,1,2360,1820,230,590,26748
10471,2,1650,1030,220,670,62091
10471,3,1640,970,300,630,102116
10471,4,1230,650,320,550,106986
10471,5,2100,720,1110,1280,287693
10471,6,1090,140,890,1140,629681
10472,1,16190,9360,2110,12390,202613
10472,2,7800,3180,1520,7100,279889
10472,3,3010,1120,770,2630,180010
10472,4,1110,340,390,1030,94754
10472,5,720,210,350,650,91389
10472,6,50,0,30,50,14398
10473,1,12730,7830,920,8250,161559
10473,2,7720,3440,810,5890,282162
10473,3,3940,1600,580,2900,239053
10473,4,1830,600,440,1390,157565
10473,5,1570,400,720,1280,200843
10473,6,120,30,80,100,32613
10474,1,2940,1750,200,2440,37276
10474,2,1410,570,180,1320,49938
10474,3,490,180,90,450,29212
10474,4,140,50,40,130,11998
10474,5,70,20,30,60,9927
10474,6,0,0,0,0,0
10475,1,7390,5450,510,2300,92010
10475,2,6500,3570,550,3200,243823
10475,3,4680,2250,600,2470,285326
10475,4,2430,920,590,1490,209313
10475,5,1700,490,760,1220,212186
10475,6,90,0,60,70,31283
11001,1,3850,3000,460,850,42483
11001,2,2380,1390,590,1120,87537
11001,3,1800,970,520,850,111039
11001,4,1460,540,660,930,127100
11001,5,3090,490,2320,3030,435167
11001,6,1290,90,1180,1710,412847
11004,1,2010,1400,400,450,23279
11004,2,1330,740,390,650,48883
11004,3,1080,580,340,500,66941
11004,4,860,360,370,460,74528
11004,5,1330,290,910,1080,181304
11004,6,230,30,200,230,71232
11040,1,5530,4310,830,930,58887
11040,2,3430,2000,950,1520,127522
11040,3,2760,1470,940,1280,170871
11040,4,2180,830,1040,1300,190310
11040,5,5140,780,3980,5540,728738
11040,6,2280,150,2050,2870,906200
11101,1,5730,3670,800,2650,69364
11101,2,3590,2150,570,1860,132036
11101,3,2740,1960,390,760,168744
11101,4,1810,1220,380,450,156807
11101,5,3120,1760,1130,850,435858
11101,6,1540,420,1050,820,573011
11102,1,6820,4510,1110,3080,84494
11102,2,4500,2930,840,2010,166927
11102,3,3360,2290,580,1070,206132
11102,4,1900,1240,440,520,163687
11102,5,2200,1020,1020,870,294955
11102,6,470,110,340,270,149448
11103,1,7090,4980,1250,2590,87131
11103,2,5080,3490,980,1780,189517
11103,3,4060,2860,750,1160,248331
11103,4,2040,1250,610,650,176132
11103,5,2170,950,1070,910,288014
11103,6,390,110,270,250,140329
11104,1,5230,3530,990,1840,63154
11104,2,3460,2020,880,1690,127329
11104,3,2610,1630,590,930,160770
11104,4,1570,860,530,480,135191
11104,5,1830,660,1050,890,246407
11104,6,410,90,310,280,149888
11105,1,6400,4530,1180,1990,78865
11105,2,4530,3100,900,1560,167887
11105,3,3610,2450,690,1050,221718
11105,4,2030,1110,670,710,175925
11105,5,2460,800,1480,1450,334533
11105,6,640,120,490,540,220730
11106,1,7650,5130,1320,3290,94112
11106,2,5090,3340,890,2160,188074
11106,3,3930,2700,710,1140,240847
11106,4,2200,1420,550,630,188874
11106,5,2510,1170,1150,910,334041
11106,6,500,130,350,270,155422
11109,1,360,290,60,40,4429
11109,2,300,250,0,30,11050
11109,3,400,330,40,50,25056
11109,4,410,310,60,40,35564
11109,5,1110,700,330,190,162069
11109,6,980,280,650,460,371371
11201,1,5900,4420,560,1810,68717
11201,2,4120,3040,400,1110,153452
11201,3,4310,3460,390,720,269162
11201,4,3590,2810,460,530,311758
11201,5,7100,4420,2190,1620,1010456
11201,6,6950,1850,4750,4730,4390600
11203,1,16110,10080,1240,7590,205614
11203,2,11100,4860,1300,7570,404372
11203,3,5520,2170,930,3620,335408
11203,4,2690,890,710,1910,232354
11203,5,2140,520,980,1740,275280
11203,6,200,40,130,190,59763
11204,1,16610,8410,5950,11690,212249
11204,2,7590,2880,3470,8170,267679
11204,3,3720,1540,1540,3130,227586
11204,4,2020,630,1140,1860,174708
11204,5,2430,450,1800,3420,327575
11204,6,830,90,730,1690,616027
11205,1,7000,4040,1550,6990,92262
11205,2,4250,2470,710,3400,154933
11205,3,2700,1820,380,1400,165079
11205,4,1600,1010,320,780,137772
11205,5,2200,1060,920,1450,300818
11205,6,1020,220,750,1110,436147
11206,1,17360,10050,2890,14270,227267
11206,2,10000,5770,1410,7090,362915
11206,3,4930,3170,710,2480,298231
11206,4,2140,1290,470,1120,183762
11206,5,1730,850,670,1390,227204
11206,6,330,100,220,530,164854
11207,1,22470,13210,1640,14930,290577
11207,2,12270,5390,1310,9360,439874
11207,3,5000,2090,810,3500,301930
11207,4,2160,780,540,1540,185106
11207,5,1510,470,600,1140,189714
11207,6,120,30,70,100,40040
11208,1,23690,13090,3010,16740,306105
11208,2,12310,4710,2100,10730,439359
11208,3,4820,1660,1060,4120,291225
11208,4,1820,530,580,1620,156064
11208,5,1280,270,600,1320,161383
11208,6,90,20,50,70,29003
11209,1,10950,7380,2210,4710,131415
11209,2,6560,3980,1530,3390,242639
11209,3,5560,3380,1290,2250,342782
11209,4,3820,1980,1240,1750,330713
11209,5,5280,1730,3010,3500,720528
11209,6,1940,290,1550,1960,795754
11210,1,11580,7210,1260,5930,147370
11210,2,7590,3380,1210,5640,275542
11210,3,4230,1710,950,3190,258293
11210,4,2230,780,730,1880,192084
11210,5,2650,570,1610,3140,357208
11210,6,1190,100,1060,2310,952907
11211,1,10060,5920,2600,8450,130382
11211,2,6720,4620,1020,3360,249245
11211,3,4980,3830,590,1460,305038
11211,4,3080,2370,480,840,265893
11211,5,4190,2770,1190,1180,574735
11211,6,1920,800,1050,950,800848
11212,1,20670,11690,1230,14930,265330
11212,2,10750,4150,1150,8930,384902
11212,3,4260,1600,660,3290,256237
11212,4,1620,480,440,1340,138558
11212,5,1030,260,400,910,128219
11212,6,40,0,20,40,15636
11213,1,13450,8310,1270,7910,171640
11213,2,8470,4260,1110,6170,306711
11213,3,4010,1990,630,2600,243273
11213,4,1680,650,490,1410,143671
11213,5,1380,420,650,1310,180961
11213,6,310,50,250,560,141093
11214,1,19700,10820,5890,10400,243163
11214,2,9560,3960,3730,7720,340413
11214,3,4930,2160,1780,3160,302028
11214,4,2910,1060,1370,1980,251870
11214,5,3130,760,2040,2690,411868
11214,6,630,90,500,640,210513
11215,1,6320,5080,570,1340,74865
11215,2,5390,4040,620,1470,202886
11215,3,5230,3920,690,1030,324395
11215,4,3710,2380,850,1070,321676
11215,5,6830,2660,3530,3580,963460
11215,6,5450,690,4520,5790,2634636
11216,1,10410,7510,590,4350,131622
11216,2,8190,5650,510,3180,302802
11216,3,5200,3670,400,1560,317181
11216,4,2310,1490,350,770,198185
11216,5,2260,1160,740,930,299420
11216,6,650,180,430,460,224169
11217,1,4290,3250,300,1470,52392
11217,2,3430,2430,280,1240,127970
11217,3,3060,2360,260,680,189669
11217,4,2120,1570,290,420,182991
11217,5,3630,2160,1200,1030,510353
11217,6,2700,640,1930,1940,1306231
11218,1,13360,7700,3650,9770,168853
11218,2,7370,3540,2420,7200,265086
11218,3,4420,2430,1220,2870,271572
11218,4,2720,1280,990,1710,235530
11218,5,3870,1050,2400,3330,526889
11218,6,1380,160,1140,1810,492582
11219,1,20390,8470,9320,21450,271367
11219,2,7160,2100,4090,11800,246985
11219,3,2670,970,1310,3300,162917
11219,4,1410,420,830,1810,121930
11219,5,1610,280,1230,2890,217502
11219,6,670,60,600,1340,398805
11220,1,36120,18530,12020,22230,461115
11220,2,10250,4040,4150,9920,355028
11220,3,3660,1780,1110,2420,222057
11220,4,1670,680,710,1100,144049
11220,5,1810,480,1110,1410,239481
11220,6,390,60,310,410,143846
11221,1,17480,11810,1160,8670,227102
11221,2,11820,7190,1070,6190,431804
11221,3,5640,3370,640,2660,341169
11221,4,2290,1190,490,1250,196513
11221,5,1900,810,710,1060,247800
11221,6,390,100,260,310,132828
11222,1,5900,4660,640,1180,72949
11222,2,4960,3730,670,1140,186217
11222,3,4450,3370,690,820,274630
11222,4,2670,1830,610,580,229965
11222,5,3440,1770,1480,1160,463685
11222,6,1150,350,760,630,436268
11223,1,15510,8570,4440,8570,191113
11223,2,7450,3240,2650,5960,265215
11223,3,3740,1600,1430,2550,228508
11223,4,2220,750,1100,1700,191815
11223,5,2660,560,1830,2630,354915
11223,6,1160,140,980,2080,1056916
11224,1,10120,6260,1380,5480,118701
11224,2,4890,2310,960,3260,177585
11224,3,2350,1050,630,1350,143119
11224,4,1280,470,520,700,110240
11224,5,1350,330,810,950,176151
11224,6,250,60,170,230,94032
11225,1,11770,7910,900,5470,153029
11225,2,8800,4960,980,4790,322992
11225,3,5070,3000,660,2330,308630
11225,4,2360,1220,510,1200,202367
11225,5,2070,790,890,1300,272088
11225,6,530,100,390,580,234950
11226,1,23360,14440,1890,12360,304933
11226,2,15390,7480,1770,10000,556408
11226,3,7230,3610,1160,4090,438398
11226,4,3080,1350,800,1830,264246
11226,5,2500,800,1130,1640,324698
11226,6,510,80,400,480,185323
11228,1,8260,4790,2460,3810,100703
11228,2,4010,1930,1430,2720,144111
11228,3,2430,1240,800,1290,149771
11228,4,1690,670,740,1060,146149
11228,5,2450,530,1690,2270,338476
11228,6,870,90,750,990,322048
11229,1,14850,8840,3640,6960,178174
11229,2,7940,3710,2650,5640,287568
11229,3,4770,2230,1650,2820,292964
11229,4,3110,1160,1440,2030,269715
11229,5,4320,890,3000,3980,584402
11229,6,1360,130,1170,1970,590835
11230,1,15200,8920,3900,9540,187208
11230,2,8330,3570,3000,8340,298160
11230,3,4500,1970,1700,3650,276340
11230,4,2540,890,1260,2440,219854
11230,5,3340,730,2340,3720,452743
11230,6,1580,180,1340,2830,1107717
11231,1,4320,2900,380,1960,53563
11231,2,2880,1810,340,1360,106465
11231,3,2300,1650,320,590,141998
11231,4,1580,1020,320,480,137367
11231,5,3250,1460,1470,1520,457238
11231,6,2690,410,2170,2780,1465840
11232,1,6290,3650,1460,3700,79780
11232,2,3130,1570,830,2550,112458
11232,3,1670,940,390,920,101407
11232,4,780,370,280,420,66774
11232,5,790,250,440,480,106491
11232,6,200,40,150,170,62734
11233,1,14410,8940,800,8740,185842
11233,2,9310,4670,760,6250,339254
11233,3,4410,2140,500,2730,267648
11233,4,1920,810,380,1230,164525
11233,5,1620,530,600,1130,210651
11233,6,310,70,210,230,99380
11234,1,14380,9500,1730,5950,177418
11234,2,9770,4740,1740,6220,358379
11234,3,6460,2850,1450,3930,398050
11234,4,4360,1520,1480,3240,377371
11234,5,6000,1180,3730,5890,813230
11234,6,1590,170,1310,1960,661277
11235,1,16790,10300,3870,7340,195393
11235,2,8410,4040,2500,5030,304208
11235,3,4900,2320,1590,2390,300931
11235,4,3090,1190,1320,1690,267539
11235,5,4160,1010,2590,2910,559937
11235,6,1350,230,1030,1280,598486
11236,1,19250,11910,1390,9480,247903
11236,2,13560,5780,1530,9260,493526
11236,3,7240,2760,1090,5040,441433
11236,4,3900,1230,950,2890,336314
11236,5,3610,800,1620,3200,464812
11236,6,360,60,240,300,97815
11237,1,10550,6990,1160,5350,136679
11237,2,7390,4630,1130,4080,269486
11237,3,3350,2240,520,1370,202013
11237,4,1250,720,300,590,106738
11237,5,1030,510,410,460,133368
11237,6,160,70,80,60,48303
11238,1,7750,5790,480,2670,97222
11238,2,6650,4800,480,2250,250151
11238,3,5750,4380,450,1360,352911
11238,4,3350,2400,470,790,289517
11238,5,4920,2610,1830,1800,676594
11238,6,2520,570,1820,1960,1091229
11239,1,2880,1900,200,1270,36047
11239,2,2210,980,160,1630,81860
11239,3,1320,540,140,980,79619
11239,4,490,160,100,420,42395
11239,5,310,80,100,270,40985
11239,6,0,0,0,0,0
11354,1,17930,11170,4780,5170,201898
11354,2,5670,2500,2320,3320,202671
11354,3,2820,1330,1040,1440,173059
11354,4,1680,640,800,890,145332
11354,5,1870,490,1210,1330,249173
11354,6,450,80,350,390,151565
11355,1,34950,20530,10630,11700,401891
11355,2,8470,3260,4020,6310,294177
11355,3,3520,1620,1300,2000,214608
11355,4,1800,690,860,1140,155215
11355,5,1850,520,1150,1330,245081
11355,6,370,80,270,260,119057
11356,1,5860,3430,1410,2710,71511
11356,2,2920,1210,1040,2170,104760
11356,3,1470,590,510,1010,90178
11356,4,900,300,420,680,77693
11356,5,1040,240,700,950,136665
11356,6,190,30,150,170,63987
11357,1,6160,4200,1370,1500,71878
11357,2,3560,1880,1180,1690,129740
11357,3,2890,1500,980,1240,178464
11357,4,2150,870,960,1230,186551
11357,5,3730,880,2550,3010,514059
11357,6,1360,170,1130,1420,552714
11358,1,8030,5030,2040,2580,94498
11358,2,3830,1810,1460,2300,137480
11358,3,2320,1150,820,1160,142657
11358,4,1540,620,720,830,133154
11358,5,2510,530,1750,2040,343741
11358,6,750,80,640,760,262507
11360,1,2690,1880,560,560,30513
11360,2,1630,960,470,660,59958
11360,3,1400,830,380,500,86884
11360,4,1210,610,430,460,104871
11360,5,2230,770,1270,1270,309828
11360,6,880,200,640,660,307945
11361,1,4950,3200,1150,1620,57993
11361,2,2770,1380,940,1700,101334
11361,3,1930,1030,590,890,119065
11361,4,1380,600,580,690,120272
11361,5,2200,550,1460,1740,300656
11361,6,700,80,590,750,229626
11362,1,2500,1720,530,610,28310
11362,2,1580,830,550,870,58475
11362,3,1220,630,450,560,75807
11362,4,1060,450,480,570,91972
11362,5,1760,440,1180,1270,242771
11362,6,620,70,530,640,220515
11363,1,970,700,180,230,10479
11363,2,560,320,180,280,21108
11363,3,460,250,150,200,28472
11363,4,350,160,140,180,30199
11363,5,630,170,410,420,88468
11363,6,460,50,390,460,274716
11364,1,6060,3740,1630,2000,71287
11364,2,3430,1600,1350,2100,124827
11364,3,2580,1310,870,1310,159679
11364,4,1930,800,850,1120,167157
11364,5,2950,710,1990,2410,400423
11364,6,850,100,700,850,270753
11365,1,8690,5210,2230,3570,104301
11365,2,4620,2090,1630,3360,167311
11365,3,2850,1330,930,1760,174724
11365,4,1930,700,860,1330,167842
11365,5,2770,620,1800,2380,373891
11365,6,610,60,510,620,196176
11366,1,2460,1540,580,930,28607
11366,2,1320,610,490,850,48140
11366,3,870,410,310,540,53586
11366,4,590,200,290,410,50988
11366,5,1080,210,760,960,149734
11366,6,410,60,340,430,136698
11367,1,7950,4650,1980,3740,93656
11367,2,4100,1820,1440,3300,149262
11367,3,2570,1090,970,1750,158218
11367,4,1570,560,730,1310,135208
11367,5,2050,460,1400,2210,275089
11367,6,620,70,530,930,283869
11368,1,27870,15270,5280,18950,342455
11368,2,12450,4590,3840,12650,442888
11368,3,4960,1740,1700,4590,298588
11368,4,1860,580,780,1660,158795
11368,5,1300,310,720,1330,162585
11368,6,90,20,60,80,29464
11369,1,8830,5140,1530,5150,109716
11369,2,4610,1880,1240,3790,165377
11369,3,2320,950,720,1710,140800
11369,4,1070,350,480,810,91808
11369,5,1010,230,610,940,129976
11369,6,110,20,80,110,29906
11370,1,5980,3530,1410,2950,72595
11370,2,3060,1330,1060,2250,110928
11370,3,1810,780,650,1160,110532
11370,4,990,360,450,780,85827
11370,5,1190,280,780,990,157223
11370,6,200,30,160,180,64134
11372,1,15910,9890,2990,7480,191827
11372,2,8280,3830,2480,6120,299856
11372,3,4810,2280,1520,2830,293550
11372,4,2470,1110,970,1340,213329
11372,5,2880,870,1720,1880,385899
11372,6,670,120,510,480,214653
11373,1,27380,16170,6660,12650,327424
11373,2,12280,5090,4590,10090,437999
11373,3,5910,2480,2220,4130,359133
11373,4,2610,940,1220,1820,224383
11373,5,2360,620,1450,1920,303621
11373,6,330,80,230,240,97022
11374,1,7960,5160,1570,2630,92533
11374,2,4840,2560,1330,2590,178320
11374,3,3760,1990,1020,1730,231936
11374,4,2470,1060,980,1300,213235
11374,5,3130,880,1880,2120,421281
11374,6,740,140,570,670,275000
11375,1,9000,6380,1590,2190,102357
11375,2,5930,3490,1420,2550,220647
11375,3,5610,3360,1350,2080,349536
11375,4,4350,2320,1420,1690,376744
11375,5,7320,2450,4130,4470,1012542
11375,6,3260,540,2570,2990,1266787
11377,1,20980,13210,4480,9160,254336
11377,2,11150,5370,3590,7980,401219
11377,3,6270,3160,1970,3530,382707
11377,4,3220,1390,1340,1830,276961
11377,5,3350,1060,2000,2210,445891
11377,6,520,110,370,380,160040
11378,1,6730,4270,1270,2710,82357
11378,2,4020,1960,1190,2400,146462
11378,3,2570,1120,920,1480,157101
11378,4,1710,550,860,1140,148003
11378,5,2170,370,1610,2050,289604
11378,6,440,70,350,460,142894
11379,1,5550,3820,960,1540,65784
11379,2,3590,2010,920,1670,133214
11379,3,2860,1400,910,1420,176321
11379,4,1950,690,930,1240,169451
11379,5,3070,560,2230,2780,417120
11379,6,730,90,620,730,256606
11385,1,19640,12630,3280,8480,244261
11385,2,12760,6690,2880,7730,467240
11385,3,7620,3590,2290,4510,464133
11385,4,3880,1280,1880,2880,334705
11385,5,4320,880,3010,3930,569109
11385,6,570,100,460,500,163141
11411,1,3620,2470,260,1250,45828
11411,2,2850,1430,280,1540,104503
11411,3,1810,780,290,1010,110948
11411,4,1140,400,280,750,98863
11411,5,1210,290,590,950,159900
11411,6,130,0,100,130,34996
11412,1,7580,4940,460,3430,97488
11412,2,5500,2520,550,3560,200155
11412,3,2970,1160,470,2090,181160
11412,4,1640,500,430,1260,141887
11412,5,1480,340,690,1340,190805
11412,6,110,0,80,120,28106
11413,1,7920,5270,500,3310,100698
11413,2,5760,2700,590,3500,210915
11413,3,3580,1380,550,2490,219930
11413,4,2060,670,480,1480,178042
11413,5,2170,540,1000,1740,280352
11413,6,220,40,150,200,58762
11414,1,3780,2710,520,1100,46054
11414,2,2760,1530,610,1210,102949
11414,3,2280,1130,620,1080,140540
11414,4,1630,660,650,870,140611
11414,5,2350,530,1580,1950,318651
11414,6,520,70,440,480,179438
11415,1,2940,1970,520,1090,35757
11415,2,2040,1130,480,1150,75542
11415,3,1790,1000,440,770,109955
11415,4,1130,560,390,560,97131
11415,5,1440,440,820,950,193014
11415,6,330,50,260,320,121049
11416,1,6080,3330,1300,3820,76981
11416,2,3390,1280,980,2920,120764
11416,3,1580,540,520,1350,95620
11416,4,680,160,360,670,58917
11416,5,560,110,350,580,71438
11416,6,40,0,30,40,10579
11417,1,6370,3750,1270,3300,80321
11417,2,3910,1700,1070,2810,141654
11417,3,2120,840,710,1530,129116
11417,4,1160,330,580,990,100600
11417,5,1250,200,850,1260,163502
11417,6,150,20,110,130,40661
11418,1,8150,4810,1500,4480,100474
11418,2,4520,1910,1230,3610,162424
11418,3,2340,940,800,1740,142863
11418,4,1180,370,570,980,102114
11418,5,1290,280,850,1270,170652
11418,6,230,40,180,260,105661
11419,1,11940,7060,2420,5710,147279
11419,2,6370,2540,1910,4700,226905
11419,3,2820,920,1100,2200,171601
11419,4,1280,300,690,1140,110065
11419,5,1050,180,730,1090,135012
11419,6,100,0,80,100,29466
11420,1,10010,6050,1610,4800,125903
11420,2,6320,2640,1540,4630,229182
11420,3,3240,1120,1080,2450,197851
11420,4,1690,450,780,1410,144465
11420,5,1610,280,1040,1660,206990
11420,6,150,0,120,140,43268
11421,1,9220,5520,1560,4900,114844
11421,2,5310,2310,1350,3950,192566
11421,3,2820,1070,920,2080,170792
11421,4,1390,420,650,1070,119492
11421,5,1430,260,970,1410,185129
11421,6,140,0,110,140,41812
11422,1,5930,3990,430,2390,75066
11422,2,4510,2130,470,2690,165707
11422,3,2690,1060,410,1790,164567
11422,4,1590,500,410,1170,137420
11422,5,1660,360,780,1430,215859
11422,6,180,30,130,170,47822
11423,1,6370,3880,1010,3000,79803
11423,2,4180,1840,930,2820,152195
11423,3,2090,790,680,1430,127638
11423,4,1150,320,480,970,98790
11423,5,1200,240,760,1090,158278
11423,6,290,40,240,320,108059
11426,1,3050,2090,630,950,36499
11426,2,1870,930,640,1160,67929
11426,3,1360,620,490,770,83450
11426,4,980,350,480,640,85020
11426,5,1570,240,1170,1510,214412
11426,6,300,20,270,280,83312
11427,1,4110,2640,800,1550,49417
11427,2,2780,1290,770,1720,101662
11427,3,1780,760,550,1110,109670
11427,4,1200,390,560,940,103765
11427,5,1460,300,1000,1310,195852
11427,6,360,40,310,400,123218
11428,1,3940,2510,650,1650,48288
11428,2,2640,1210,670,1670,95710
11428,3,1530,570,520,1000,93643
11428,4,910,270,420,740,78982
11428,5,1010,150,730,1070,132607
11428,6,90,0,70,90,23022
11429,1,5330,3480,470,2280,68029
11429,2,3810,1690,520,2430,139090
11429,3,1960,760,410,1350,118975
11429,4,1070,350,340,800,92656
11429,5,1060,230,550,920,137922
11429,6,70,0,50,50,21794
11432,1,13450,7790,3260,7720,165616
11432,2,6880,2700,2470,5850,246385
11432,3,3460,1450,1240,2630,211217
11432,4,1800,650,800,1420,154010
11432,5,2100,500,1320,1960,280505
11432,6,630,90,500,640,258200
11433,1,8020,4780,830,5040,101959
11433,2,4600,1870,780,3710,165979
11433,3,2090,730,480,1780,126868
11433,4,960,280,310,820,82803
11433,5,810,190,400,770,103638
11433,6,60,0,40,60,17960
11434,1,12710,8270,800,6220,163773
11434,2,9480,4410,990,6170,349043
11434,3,5410,2270,830,3620,331237
11434,4,2660,890,680,1930,228914
11434,5,2160,510,1000,1860,274641
11434,6,160,40,100,130,56129
11435,1,11830,6910,2180,6580,147862
11435,2,6780,2890,1790,5050,245601
11435,3,3760,1650,1130,2410,231055
11435,4,1990,740,790,1390,172160
11435,5,1830,500,1030,1440,235595
11435,6,180,40,130,160,57303
11436,1,4170,2560,420,2170,53696
11436,2,2770,1170,470,2010,101492
11436,3,1480,560,360,1100,90068
11436,4,710,200,250,590,60694
11436,5,570,100,340,540,71846
11436,6,30,0,0,30,8998
11691,1,11040,6430,1050,7950,139677
11691,2,6020,2470,1030,5390,216850
11691,3,2750,930,790,2710,167187
11691,4,1260,350,520,1380,108715
11691,5,1250,240,790,1920,163986
11691,6,290,30,250,780,125642
11692,1,4120,2400,300,2900,52011
11692,2,2350,1000,290,1940,84550
11692,3,1120,420,230,900,67870
11692,4,570,190,160,480,48580
11692,5,540,140,290,510,70911
11692,6,80,0,60,60,30891
11693,1,2290,1450,200,1170,27908
11693,2,1320,670,230,810,48058
11693,3,880,420,200,490,53937
11693,4,550,210,200,360,47071
11693,5,650,160,410,580,85751
11693,6,90,0,70,90,25345
11694,1,2680,2020,280,740,30461
11694,2,1630,1000,260,730,60059
11694,3,1240,690,280,500,76440
11694,4,900,460,290,430,78168
11694,5,1720,440,1110,1340,241692
11694,6,710,70,610,860,298541
11697,1,520,450,40,30,5294
11697,2,310,230,50,70,11790
11697,3,280,200,50,60,17403
11697,4,270,130,100,120,23408
11697,5,590,130,410,480,81746
11697,6,240,20,210,270,79463
